pk,model,residence_economy,bills_stats_first,place_of_residence_lon,current_party,place_of_residence,blog,place_of_residence_lat,average_weekly_presence_hours,name,family_status,date_of_birth,img_url,email,website,fax,current_position,current_role_descriptions,end_date,area_of_residence,date_of_death,phone,is_current,user,backlinks_enabled,average_monthly_committee_presence,gender,bills_stats_approved,residence_centrality,start_date,bills_stats_proposed,place_of_birth,year_of_aliyah,number_of_children,bills_stats_pre
1,mks.member,4,0,35.125257,14,אלון שבות,None,31.65487,17.8,יולי - יואל אדלשטיין,נשוי,1958-08-05,http://www.knesset.gov.il/mk/images/members/edelstein_yoel-s.jpg,yedelstein@knesset.gov.il,,02-6758919,18,None,None,,None,,True,None,True,0.45,M,0,5,2009-02-24,0,אוקראינה,1987,2,0
5,mks.member,7,0,34.871292,11,קיבוץ להב,None,31.379361,None,חיים אורון,,1940-03-26,http://www.knesset.gov.il/mk/images/members/oron_chaim-s.jpg,,,,999,None,2011-03-25,,None,,False,None,True,-0.04,M,0,5,2009-02-24,0,"תל אביב, ישראל",None,None,0
7,mks.member,4,4,35.1003,18,עכו,None,32.9206,14.5,דוד אזולאי,נשוי,1954-05-05,http://www.knesset.gov.il/mk/images/members/azoulay_david-s.jpg,dazulay@knesset.gov.il,,02-6753908,8,None,None,,None,,True,None,True,9.78,M,2,4,2009-02-24,155,מרוקו,1963,4,31
8,mks.member,4,0,35.2007,6,ירושלים,None,31.7857,None,דליה איציק,,1952-10-20,http://www.knesset.gov.il/mk/images/members/itzik_dalia-s.jpg,,None,,3,None,2013-02-04,None,None,,False,None,True,0.0,F,0,9,2009-02-24,0,"ירושלים, ישראל",None,None,0
9,mks.member,5,0,34.595282,2,שדרות,None,31.523432,None,מיכאל איתן,,1944-03-06,http://www.knesset.gov.il/mk/images/members/eitan_michael-s.jpg,,,,16,None,2013-02-04,,None,,False,None,True,0.0,M,0,5,2009-02-24,0,"תל אביב, ישראל",None,None,0
13,mks.member,1,0,34.866228,10,לקיה,None,31.3249,None,טלב אלסאנע,,1960-12-25,http://www.knesset.gov.il/mk/images/members/elsana_taleb-s.jpg,,None,,999,None,2013-02-04,None,None,,False,None,True,0.0,M,0,4,2009-02-24,0,"תל-ערד, ישראל",None,None,0
14,mks.member,4,0,35.2007,2,ירושלים,None,31.7857,None,זאב בנימין  בגין,,1943-03-01,http://www.knesset.gov.il/mk/images/members/begin_beni-s.jpg,,,,5,None,2013-02-04,,None,,False,None,True,0.0,M,0,9,2009-02-24,0,"ירושלים, ישראל",None,None,0
16,mks.member,8,0,34.8125,6,הרצליה,None,32.1682,None,זאב בוים,,1943-04-30,http://www.knesset.gov.il/mk/images/members/boim_zev-s.jpg,,,,999,None,2011-03-18,,None,,False,None,True,0.0,M,0,8,2009-02-24,0,"ירושלים, ישראל",None,None,0
20,mks.member,7,0,34.8045361,16,ראשון לציון,None,31.9621389,10.1,בנימין (פואד) בן-אליעזר,נשוי,1936-02-12,http://www.knesset.gov.il/mk/images/members/beneliezer_binyamin-s.jpg,binyaminb@knesset.gov.il,,02-6662908,5,None,None,,None,,True,None,True,0.4,M,0,9,2009-02-24,28,"בצרה, עיראק",1950,5,4
28,mks.member,8,0,34.7595,13,תל אביב,2,32.0554,None,אהוד ברק,,1942-02-12,http://www.knesset.gov.il/mk/images/members/barak_ehud-s.jpg,,,,1,None,2013-02-04,,None,,False,None,True,0.0,M,0,10,2009-02-24,0,"קיבוץ משמר השרון, ישראל",None,None,0
35,mks.member,2,12,34.8333333,19,בני ברק,None,32.0833333,15.9,משה גפני,נשוי,1952-05-05,http://www.knesset.gov.il/mk/images/members/gafni_moshe-s.jpg,mgafni@knesset.gov.il,None,02-6408901,2,"יו""ר ועדת  המדע  והטכנולוגיה",None,None,None,,True,None,True,17.12,M,10,10,2009-02-24,178,"תל אביב, ישראל",None,3,43
41,mks.member,None,0,,18,,None,,7.2,אריה דרעי,נשוי,1959-02-17,http://www.knesset.gov.il/mk/images/members/deri_aryeh-s.jpg,aderey@knesset.gov.il,,,2,None,None,,None,,True,None,True,3.24,M,0,None,2013-02-05,5,"מקנס, מרוקו",1968,8,1
45,mks.member,8,1,35.1488889,14,מבשרת ציון,None,31.7994444,None,צחי הנגבי,נשוי,1957-02-26,http://www.knesset.gov.il/mk/images/members/hanegbi_tzahi-s.jpg,zhanegbi@knesset.gov.il,,,26,סגן שר החוץ,2010-11-09,,None,,True,None,True,7.64,M,1,7,2009-02-24,10,"ירושלים, ישראל",None,4,3
50,mks.member,5,1,35.1847222,18,יערה,None,33.0669444,14.2,יצחק וקנין,נשוי,1958-05-12,http://www.knesset.gov.il/mk/images/members/vaknin_yizhak-s.jpg,yvaknin@knesset.gov.il,,02-6496079,9,None,None,,None,,True,None,True,11.98,M,1,3,2009-02-24,85,ישראל,None,5,15
63,mks.member,4,1,35.2007,18,ירושלים,8,31.7857,7.8,אליהו ישי,נשוי,1962-12-26,http://www.knesset.gov.il/mk/images/members/yishai_eli-s.jpg,eyishay@knesset.gov.il,,02-6662909,1,None,None,,None,,True,None,True,2.05,M,0,9,2009-02-24,27,ישראל,None,5,2
64,mks.member,6,5,34.953175,16,ראש העין,None,32.099299,16.4,איתן כבל,נשוי,1959-08-23,http://www.knesset.gov.il/mk/images/members/cabel_eitan-s.jpg,ecabel@knesset.gov.il,None,02-6496118,3,None,None,None,None,,True,None,True,8.34,M,5,8,2009-02-24,265,"ראש העין, ישראל",None,4,70
65,mks.member,5,0,34.5666667,18,אשקלון,None,31.6666667,14.5,יצחק כהן,נשוי,1951-10-02,http://www.knesset.gov.il/mk/images/members/cohen_yitzhak-s.jpg,izchakec@knesset.gov.il,,02-6706157,4,"יו""ר ועדת האתיקה",None,,None,,True,None,True,10.93,M,0,6,2009-02-24,61,"אשקלון, ישראל",None,10,5
69,mks.member,6,0,34.7575,14,כפר אחים,None,31.7447222,4.9,ישראל כץ,נשוי,1955-09-21,http://www.knesset.gov.il/mk/images/members/katz_yisrael-s.jpg,yiskatz@knesset.gov.il,,02-6496525,8,שר התחבורה והבטיחות בדרכים,None,,None,,True,None,True,1.7,M,0,6,2009-02-24,0,"אשקלון, ישראל",None,2,0
70,mks.member,8,0,34.7595,14,תל אביב,None,32.0554,6.8,לימור לבנת,בזוגיות,1950-09-22,http://www.knesset.gov.il/mk/images/members/livnat_limor-s.jpg,llivnat@knesset.gov.il,,02-6496406,27,שרת התרבות והספורט,None,,None,,True,None,True,3.59,F,0,10,2009-02-24,0,"חיפה, ישראל",None,2,0
77,mks.member,8,0,34.8666667,14,רעננה,37,32.1833333,5.5,עוזי לנדאו,נשוי,1943-08-02,http://www.knesset.gov.il/mk/images/members/landau_uzi-s.jpg,ulandau@KNESSET.GOV.IL,None,,7,שר התיירות,None,None,None,,True,None,True,2.8,M,0,8,2009-02-24,0,"חיפה, ישראל",None,3,0
78,mks.member,5,0,34.6696,14,אשדוד,None,31.8198,6.4,סופה לנדבר,אלמנה,1949-10-28,http://www.knesset.gov.il/mk/images/members/landver_sofa-s.jpg,slandver@knesset.gov.il,None,02-6496744,10,שרת העלייה והקליטה,None,None,None,,True,None,True,1.9,F,0,7,2009-02-24,0,"לנינגרד, רוסיה",1979,1,0
88,mks.member,4,0,35.2007,2,ירושלים,None,31.7857,None,דן מרידור,,1947-04-23,http://www.knesset.gov.il/mk/images/members/meridor_dan-s.jpg,,None,,17,None,2013-02-04,None,None,,False,None,True,0.0,M,0,9,2009-02-24,0,"ירושלים, ישראל",None,None,0
90,mks.member,4,0,35.2007,14,ירושלים,None,31.7857,4.3,בנימין נתניהו,נשוי,1949-10-21,http://www.knesset.gov.il/mk/images/members/netanyahu_bibi-s.jpg,bnetanyahu@knesset.gov.il,,,1,ראש ממשלה,None,,None,,True,None,True,1.4,M,0,9,2009-02-24,0,"תל אביב, ישראל",None,3,0
91,mks.member,5,0,34.5666667,6,אשקלון,None,31.6666667,None,מרינה סולודקין,,1952-05-31,http://oknesset.org/static/img/mks/marina-solodkin.jpg,,,,10,None,2013-02-04,,None,,False,None,True,0.0,F,0,6,2009-02-24,0,"מוסקבה, ברית המועצות",1991,None,0
92,mks.member,None,0,,17,,None,,19.9,ניסן סלומינסקי,נשוי,None,http://www.knesset.gov.il/mk/images/members/slomiansky_nisan-s.jpg,nslomiansky@KNESSET.GOV.IL,,,3,"יו""ר ועדת הכספים",None,,None,,True,None,True,14.83,M,0,None,2013-02-05,32,רמת גן,None,5,5
96,mks.member,8,0,34.992399,6,כוכב יאיר,None,32.220934,None,גדעון עזרא,,1937-06-30,http://www.knesset.gov.il/mk/images/members/ezra_gidon-s.jpg,,,,999,None,2012-05-17,,None,,False,None,True,0.0,M,0,7,2009-02-24,0,"ירושלים, ישראל",None,None,0
100,mks.member,8,0,,3,,4,,11.0,אופיר פינס-פז,,1961-07-11,http://www.knesset.gov.il/mk/images/members/pinespaz_ofir-s.jpg,,,,999,None,2010-01-10,,None,,False,None,True,0.0,M,0,8,2009-02-24,0,"ראשון לציון, ישראל",None,None,0
103,mks.member,4,0,35.2007,19,ירושלים,None,31.7857,None,מאיר פרוש,נשוי,1955-06-11,http://www.knesset.gov.il/mk/images/members/porush_meir-s.jpg,mporush@knesset.gov.il,,,3,None,2011-02-06,,None,,True,None,True,3.39,M,0,9,2009-02-24,30,"ירושלים, ישראל",None,12,4
105,mks.member,5,0,34.595282,21,שדרות,41,31.523432,9.8,עמיר פרץ,נשוי,1952-03-09,http://www.knesset.gov.il/mk/images/members/peretz_amir-s.jpg,aperetz@knesset.gov.il,,,3,שר להגנת הסביבה,None,,None,,True,None,True,2.95,M,0,5,2009-02-24,6,"בוזר, מרוקו",1956,4,4
114,mks.member,4,0,35.2007,14,ירושלים,None,31.7857,18.7,ראובן ריבלין,נשוי,1939-09-09,http://www.knesset.gov.il/mk/images/members/rivlin_rubi-s.jpg,rrivlin@knesset.gov.il,,02-6496193,11,None,2014-06-10,,None,,False,None,True,17.02,M,0,9,2009-02-24,43,"ירושלים, ישראל",None,4,9
115,mks.member,None,0,,6,,None,,0.0,חיים רמון,,1950-04-10,http://www.knesset.gov.il/mk/images/members/ramon_haim-s.jpg,,,,999,None,2009-07-02,,None,,False,None,True,0.0,M,0,None,2009-02-24,0,"יפו, ישראל",None,None,0
119,mks.member,6,6,34.7333333,21,יבנה,None,31.8833333,14.5,מאיר שטרית,נשוי,1948-10-10,http://www.knesset.gov.il/mk/images/members/shitrit_meir-s.jpg,mshitrit@knesset.gov.il,,02-6408920,5,None,None,,None,,True,None,True,8.19,M,4,7,2009-02-24,147,"קסר-אסוק, מרוקו",1957,2,54
122,mks.member,8,0,34.8246,14,רמת גן,None,32.070065,5.6,סילבן שלום,נשוי,1958-08-04,http://www.knesset.gov.il/mk/images/members/shalom_silvan-s.jpg,sshalom@knesset.gov.il,None,,6,"שר התשתיות הלאומיות,  האנרגיה והמים| שר לפיתוח הנגב והגליל| שר לשיתוף פעולה אזורי",None,None,None,,True,None,True,3.0,M,0,10,2009-02-24,0,"גבס, טוניסיה",1959,5,0
123,mks.member,5,0,35.295,13,אבן מנחם,None,33.0738889,None,שלום שמחון,,1956-12-07,http://www.knesset.gov.il/mk/images/members/simhon_shalom-s.jpg,,,,12,None,2013-02-04,,None,,False,None,True,0.0,M,0,3,2009-02-24,0,ישראל,None,None,0
194,mks.member,4,0,35.2007,12,ירושלים,None,31.7857,None,זבולון אורלב,,1945-11-09,http://www.knesset.gov.il/mk/images/members/orlev_zevulun-s.jpg,,None,,2,None,2013-02-04,None,None,,False,None,True,0.0,M,0,9,2009-02-24,0,"רחובות, ישראל",None,None,0
197,mks.member,3,5,35.169038,22,שפרעם,None,32.802713,6.7,מוחמד ברכה,נשוי,1955-07-25,http://www.knesset.gov.il/mk/images/members/baraka_mohamed-s.jpg,mbarakeh@knesset.gov.il,None,02-6408911,1,"יו""ר ועדה למאבק בנגעי הסמים והאלכוהול",None,None,None,,True,None,True,7.44,M,5,5,2009-02-24,474,ישראל,None,3,276
200,mks.member,5,4,34.6696,20,אשדוד,6,31.8198,14.3,אילן גילאון,נשוי,1956-05-12,http://www.knesset.gov.il/mk/images/members/gilon_ilan-s.jpg,igilon@knesset.gov.il,,,2,None,None,,None,,True,None,True,10.93,M,3,7,2009-02-24,346,רומניה,None,4,143
201,mks.member,None,5,,20,פתח תקווה,None,,13.7,זהבה גלאון,נשואה,1956-04-01,http://www.knesset.gov.il/mk/images/members/galon_zahava-s.jpg,zgalon@knesset.gov.il,,,1,None,None,מרכז,None,,True,None,True,8.64,F,5,6,2011-03-25,315,ברית-המועצות,1960,2,140
204,mks.member,6,0,35.0653,13,מושב שורש,33,31.7966,None,מתן וילנאי,,1944-05-20,http://www.knesset.gov.il/mk/images/members/vilnai_matan-s.jpg,,,,999,None,2012-02-14,,None,,False,None,True,0.0,M,0,6,2009-02-24,0,"ירושלים, ישראל",None,None,0
206,mks.member,4,5,35.2007,18,ירושלים,None,31.7857,15.6,נסים זאב,נשוי,1951-09-09,http://www.knesset.gov.il/mk/images/members/zeev_nissim-s.jpg,nzeev@knesset.gov.il,None,02-6496549,10,None,None,None,None,,True,None,True,10.63,M,4,9,2009-02-24,92,ישראל,None,None,15
208,mks.member,3,1,35.0,23,טייבה,None,32.2666667,15.1,אחמד טיבי,נשוי,1958-12-19,http://www.knesset.gov.il/mk/images/members/tibi_ahmed-s.jpg,atibi@knesset.gov.il,None,02-6496199,2,None,None,None,None,,True,None,True,10.38,M,1,7,2009-02-24,75,ישראל,None,2,21
210,mks.member,4,2,34.8666667,18,רמלה,None,31.9333333,16.4,אמנון כהן,נשוי,1960-06-01,http://www.knesset.gov.il/mk/images/members/cohen_amnon-s.jpg,amncohen@knesset.gov.il,None,02-6408927,6,"יו""ר ועדה לענייני ביקורת המדינה",None,None,None,,True,None,True,8.94,M,1,8,2009-02-24,116,אוזבקיסטן,1973,4,49
212,mks.member,8,9,34.9427814,14,שוהם,None,31.9966655,10.4,חיים כץ,נשוי,1947-12-21,http://www.knesset.gov.il/mk/images/members/katz_haim-s.jpg,hkatz@knesset.gov.il,None,02-6408142,20,"יו""ר ועדת העבודה, הרווחה והבריאות",None,None,None,,True,None,True,13.08,M,9,7,2009-02-24,124,גרמניה,1949,3,44
213,mks.member,8,0,34.7595,21,תל אביב,None,32.0554,None,ציפי לבני,נשואה,1958-07-08,http://www.knesset.gov.il/mk/images/members/livnee_zipi-s.jpg,zlivni@knesset.gov.il,,,1,שרת המשפטים,2012-05-03,,None,,True,None,True,3.14,F,0,10,2009-02-24,0,ישראל,None,2,0
214,mks.member,4,0,35.244065,14,נוקדים,None,31.64533,11.3,אביגדור ליברמן,נשוי,1958-06-05,http://www.knesset.gov.il/mk/images/members/liberman_avigdor-s.jpg,aliberman@knesset.gov.il,,02-6408921,2,שר החוץ,None,,None,,True,None,True,0.35,M,0,5,2009-02-24,0,ברית המועצות,1978,3,0
216,mks.member,4,0,35.2007,19,ירושלים,None,31.7857,12.2,יעקב ליצמן,נשוי,1948-09-02,http://www.knesset.gov.il/mk/images/members/lizman_yaakov-s.jpg,ylitzman@knesset.gov.il,None,02-6753730,1,None,None,None,None,,True,None,True,11.23,M,0,9,2009-02-24,33,גרמניה,None,5,4
222,mks.member,4,1,35.2007,18,ירושלים,None,31.7857,14.0,משולם נהרי,נשוי,1951-05-07,http://www.knesset.gov.il/mk/images/members/nahari_meshulam-s.jpg,mnahari@knesset.gov.il,None,02-6496447,5,None,None,None,None,,True,None,True,4.94,M,0,9,2009-02-24,27,ישראל,None,5,3
230,mks.member,4,0,35.0494444,2,דאלית-אל-כרמל,None,32.6930556,None,איוב קרא,,1955-03-12,http://www.knesset.gov.il/mk/images/members/kara_ayoob-s.jpg,,None,,23,None,2013-02-04,None,None,,False,None,True,0.0,M,0,5,2009-02-24,0,ישראל,None,None,0
695,mks.member,8,0,35.1488889,14,מבשרת ציון,None,31.7994444,4.9,יובל שטייניץ,נשוי,1958-04-10,http://www.knesset.gov.il/mk/images/members/steinitz_yuval-s.jpg,ysteinitz@knesset.gov.il,None,02-6496579,24,שר לענייני מודיעין| שר לנושאים אסטרטגיים| שר המופקד על יחסים בינלאומיים,None,None,None,,True,None,True,2.1,M,0,7,2009-02-24,0,ישראל,None,3,0
697,mks.member,8,0,,3,תל אביב?,None,,9.9,יולי תמיר,,1954-02-26,http://www.knesset.gov.il/mk/images/members/tamir_yuli-s.jpg,,,,999,None,2010-04-13,,None,,False,None,True,0.0,F,0,10,2009-02-24,0,ישראל,None,None,0
713,mks.member,4,0,35.349369,17,כפר אדומים,None,31.819085,8.6,אורי יהודה אריאל,נשוי,1952-12-22,http://www.knesset.gov.il/mk/images/members/ariel_uri-yehuda-s.jpg,uria@knesset.gov.il,,02-6753738,2,שר הבינוי והשיכון,None,,None,,True,None,True,3.74,M,0,6,2009-02-24,1,"עפולה, ישראל",None,6,0
717,mks.member,9,0,34.8247222,13,קיבוץ שפיים,None,32.2169444,None,אורית נוקד,,1952-10-25,http://www.knesset.gov.il/mk/images/members/noked_orit-s.jpg,,,,13,None,2013-02-04,,None,,False,None,True,0.0,F,0,7,2009-02-24,0,ישראל,None,None,0
720,mks.member,8,0,34.992399,25,כוכב יאיר,None,32.220934,7.8,שאול מופז,נשוי,None,http://www.knesset.gov.il/mk/images/members/mofaz_shaul-s.jpg,shaulm@knesset.gov.il,None,02-6496421,1,None,None,None,None,,True,None,True,3.19,M,0,7,2009-02-24,34,"איראן, איראן",1957,4,3
723,mks.member,8,2,34.7595,14,תל אביב,None,32.0554,13.5,גילה גמליאל,נשואה,1974-02-24,http://www.knesset.gov.il/mk/images/members/gamliel_gila-s.jpg,ggamliel@knesset.gov.il,None,,30,None,None,None,None,,True,None,True,12.03,F,1,10,2009-02-24,112,"גדרה, ישראל",None,None,16
724,mks.member,7,0,34.8045361,6,ראשון לציון,None,31.9621389,None,רוחמה אברהם בלילא,,1964-01-29,http://www.knesset.gov.il/mk/images/members/avraham_ruhama-s.jpg,,,,8,None,2013-02-04,,None,,False,None,True,0.0,F,0,9,2009-02-24,0,"ראשון-לציון, ישראל",None,None,0
725,mks.member,8,0,34.7595,14,תל אביב,None,32.0554,7.6,גדעון סער,גרוש,1966-12-09,http://www.knesset.gov.il/mk/images/members/saar_gidon-s.jpg,gsaar@knesset.gov.il,None,02-6496578,3,שר הפנים,None,None,None,,True,None,True,3.64,M,0,10,2009-02-24,0,"תל אביב, ישראל",None,2,0
727,mks.member,3,0,35.381298,6,בית ג'אן,None,32.965683,None,מגלי והבה,,1954-02-12,http://www.knesset.gov.il/mk/images/members/whbee_majalli-s.jpg,,None,,21,None,2013-02-04,None,None,,False,None,True,0.0,M,0,4,2009-02-24,0,ישראל,None,None,0
728,mks.member,5,0,34.9166667,6,אור עקיבא,None,32.5,None,יעקב אדרי,,1950-11-25,http://www.knesset.gov.il/mk/images/members/edri_yaakov-s.jpg,,None,,13,None,2013-02-04,None,None,,False,None,True,-30.0,M,0,6,2009-02-24,0,מרוקו,1959,None,0
730,mks.member,5,0,35.2897222,6,עפולה,None,32.6077778,None,אלי אפללו,,1952-09-08,http://www.knesset.gov.il/mk/images/members/aflalo_eli-s.jpg,,,,999,None,2012-01-25,,None,,False,None,True,0.0,M,0,5,2009-02-24,0,"קזבלנקה, מרוקו",1962,None,0
731,mks.member,7,0,35.0282,2,חיפה,None,32.7938,None,משה כחלון,,1960-11-19,http://www.knesset.gov.il/mk/images/members/cahlon_moshe-s.jpg,,None,,6,None,2013-02-04,None,None,,False,None,True,-30.0,M,0,6,2009-02-24,0,ישראל,None,None,0
734,mks.member,5,0,34.5666667,14,אשקלון,13,31.6666667,7.7,גלעד ארדן,נשוי,1970-09-30,http://www.knesset.gov.il/mk/images/members/erdan_gilad-s.jpg,gerdan@knesset.gov.il,None,02-6753982,5,שר התקשורת,None,None,None,,True,None,True,3.44,M,0,6,2009-02-24,0,"אשקלון, ישראל",None,2,0
735,mks.member,6,0,35.157002,6,מוצא עילית,None,31.793589,None,רוני בר-און,,1948-06-02,http://www.knesset.gov.il/mk/images/members/baron_roni-s.jpg,,,,5,None,2013-02-04,,None,,False,None,True,-30.0,M,0,6,2009-02-24,0,"תל אביב, ישראל",None,None,0
738,mks.member,8,0,34.8488889,2,גבעת שמואל,None,32.0780556,None,לאה נס,,1961-12-27,http://www.knesset.gov.il/mk/images/members/nass_lea-s.jpg,,None,,10,None,2013-02-04,None,None,,False,None,True,0.0,F,0,9,2009-02-24,0,ישראל,None,None,0
739,mks.member,None,6,,21,,None,,17.8,עמרם מצנע,נשוי,1945-02-20,http://www.knesset.gov.il/mk/images/members/mitzna_amram-s.jpg,amitzna@knesset.gov.il,,,2,"יו""ר ועדת החינוך, התרבות והספורט",None,,None,,True,None,True,15.32,M,6,None,2013-02-05,110,עפולה,None,3,37
740,mks.member,8,4,34.7595,16,תל אביב,None,32.0554,14.1,יצחק הרצוג,נשוי,1960-09-22,http://www.knesset.gov.il/mk/images/members/herzog_yitzhak-s.jpg,iherzog@knesset.gov.il,,02-6496080,2,None,None,,None,,True,None,True,8.44,M,3,10,2009-02-24,78,"תל אביב, ישראל",None,3,24
751,mks.member,4,3,34.7125,18,מושב שדה צבי,None,31.4488889,15.0,יעקב מרגי,נשוי,1960-11-18,http://www.knesset.gov.il/mk/images/members/margi_yaakov-s.jpg,ymargi@knesset.gov.il,None,02-6753759,7,None,None,None,None,,True,None,True,15.62,M,2,4,2009-02-24,212,מרוקו,1962,2,27
752,mks.member,4,0,35.349369,1,כפר אדומים,None,31.819085,None,אריה אלדד,,1950-05-01,http://www.knesset.gov.il/mk/images/members/eldad_aryeh-s.jpg,,None,,3,None,2013-02-04,None,None,,False,None,True,0.0,M,0,6,2009-02-24,0,"תל אביב, ישראל",None,None,0
754,mks.member,4,1,,19,ירושלים,None,,14.6,ישראל אייכלר,נשוי,1955-03-27,http://www.knesset.gov.il/mk/images/members/eichler_israel-s.jpg,ieichler@knesset.gov.il,,02-6408475,6,None,None,,None,,True,None,True,9.38,M,1,9,2011-02-06,47,ירושלים,None,14,13
756,mks.member,4,1,35.054252,24,כפר קרע,None,32.505517,12.3,ג`מאל זחאלקה,נשוי,1955-01-11,http://www.knesset.gov.il/mk/images/members/zahalka_jamal-s.jpg,jzhalka@knesset.gov.il,,02-6496617,1,None,None,,None,,True,None,True,8.14,M,1,6,2009-02-24,61,ישראל,None,3,11
758,mks.member,4,0,35.0421806,3,באקה אל גרבייה,None,32.4203278,None,ראלב מג`אדלה,,1953-04-05,http://www.knesset.gov.il/mk/images/members/majadele_ralev-s.jpg,,,,15,None,2013-02-04,,None,,False,None,True,0.0,M,0,6,2010-04-13,0,באקה אל גרביה,None,None,0
768,mks.member,4,1,35.2007,14,ירושלים,None,31.7857,11.5,זאב אלקין,נשוי,1971-04-03,http://www.knesset.gov.il/mk/images/members/elkin_zeev-s.jpg,Zelkin@knesset.gov.il,,02-6496438,14,"יו""ר ועדת החוץ והביטחון",None,,None,,True,None,True,4.09,M,1,9,2009-02-24,20,"חרקוב, ברית המועצות",None,3,2
771,mks.member,5,0,34.5666667,6,אשקלון,1,31.6666667,None,אבי (משה) דיכטר,,1952-12-14,http://www.knesset.gov.il/mk/images/members/dicter_abraham-s.jpg,,,,999,None,2013-02-04,,None,,False,None,True,0.0,M,0,6,2009-02-24,0,"אשקלון, ישראל",None,None,0
772,mks.member,8,0,34.7595,6,תל אביב,None,32.0554,None,יואל חסון,,1973-04-02,http://www.knesset.gov.il/mk/images/members/hasson_yoel-s.jpg,,None,,11,None,2013-02-04,None,None,,False,None,True,0.0,M,0,10,2009-02-24,0,"תל אביב, ישראל",None,None,0
773,mks.member,None,0,,6,,None,,None,אביגדור יצחקי,,1949-09-13,http://www.knesset.gov.il/mk/images/members/itzchaky_avigdor-s.jpg,,,,999,None,2013-02-04,,None,,False,None,True,0.0,M,0,None,None,0,תל אביב,None,None,0
774,mks.member,8,0,34.8246,6,רמת גן,None,32.070065,None,רונית תירוש,,1953-12-08,http://www.knesset.gov.il/mk/images/members/tirosh_ronit-s.jpg,,None,,16,None,2013-02-04,None,None,,False,None,True,0.0,F,0,10,2009-02-24,0,"תל אביב, ישראל",None,None,0
776,mks.member,3,0,35.305904,6,מעלה מכמש,None,31.87913,None,עתניאל שנלר,,1952-01-28,http://www.knesset.gov.il/mk/images/members/schneller_otniel-s.jpg,,None,,27,None,2013-02-04,None,None,,False,None,True,0.0,M,0,6,2009-02-24,0,"ירושלים, ישראל",None,None,0
780,mks.member,8,15,34.7595,22,תל אביב,14,32.0554,18.6,דב חנין,נשוי,1958-01-10,http://www.knesset.gov.il/mk/images/members/khenin_dov-s.jpg,dhanin@knesset.gov.il,None,02-6408126,3,None,None,None,None,,True,None,True,19.22,M,14,10,2009-02-24,807,"פתח-תקווה, ישראל",None,3,374
781,mks.member,9,1,35.1272222,25,טבעון,None,32.7238889,11.7,ישראל חסון,נשוי,1955-04-27,http://www.knesset.gov.il/mk/images/members/hasson_israel-s.jpg,ahason@knesset.gov.il,None,02-6496585,2,None,None,None,None,,True,None,True,6.14,M,0,5,2009-02-24,54,"דמשק, סוריה",None,4,21
782,mks.member,8,4,34.7595,16,תל אביב,43,32.0554,15.0,שלי יחימוביץ,לא נשואה,1960-03-28,http://www.knesset.gov.il/mk/images/members/yacimovich_shelly-s.jpg,syechimovich@knesset.gov.il,,02-6753721,1,None,None,,None,,True,None,True,7.04,F,4,10,2009-02-24,190,"כפר-סבא, ישראל",None,2,87
784,mks.member,5,3,34.85,18,אור יהודה,None,32.0333333,20.7,אברהם מיכאלי,,1957-03-29,http://www.knesset.gov.il/mk/images/members/michaeli_avraham-s.jpg,amichaeli@knesset.gov.il,,02-6753961,11,None,None,,None,,True,None,True,18.42,M,3,8,2009-02-24,202,"קולשי, גרוזיה",None,None,33
785,mks.member,6,0,35.174446,5,אריאל,9,32.10468,None,אלכס מילר,,1977-04-04,http://www.knesset.gov.il/mk/images/members/Miller_Alex-s.jpg,,None,,15,None,2013-02-04,None,None,,True,None,True,0.0,M,0,6,2009-02-24,0,"מוסקבה, ברית המועצות",None,None,0
786,mks.member,7,0,34.8045361,5,ראשון לציון,36,31.9621389,None,סטס מיסז`ניקוב,,1969-02-28,http://www.knesset.gov.il/mk/images/members/miznikov_stas-s.jpg,,,,3,None,2013-02-04,,None,,False,None,True,0.0,M,0,9,2009-02-24,0,"מוסקבה, ברית המועצות",None,None,0
789,mks.member,4,5,35.400009,22,עילבון,None,32.838058,13.9,חנא סוייד,נשוי,1955-03-27,http://www.knesset.gov.il/mk/images/members/swaid_hana-s.jpg,hswaid@knesset.gov.il,None,02-6496163,2,None,None,None,None,,True,None,True,8.64,M,5,4,2009-02-24,481,"עילבון, ישראל",None,3,277
790,mks.member,8,0,34.8874278,14,אבן יהודה,None,32.270025,9.8,יצחק אהרונוביץ,נשוי,1950-08-22,http://www.knesset.gov.il/mk/images/members/aharonovitch_yitzhak-s.jpg,iaharon@knesset.gov.il,None,02-6496188,13,שר לביטחון פנים,None,None,None,,True,None,True,3.99,M,0,7,2009-02-24,0,"ירושלים, ישראל",None,4,0
791,mks.member,4,0,35.2007,18,ירושלים,None,31.7857,14.6,אריאל אטיאס,נשוי,1970-11-13,http://www.knesset.gov.il/mk/images/members/atias_ariel-s.jpg,aatias@knesset.gov.il,,02-6496713,3,None,2014-06-22,,None,,False,None,True,3.29,M,0,9,2009-02-24,5,"תל אביב, ישראל",None,4,1
793,mks.member,6,7,34.8615,14,נתניה,None,32.3462,15.6,רוברט אילטוב,נשוי,1971-11-12,http://www.knesset.gov.il/mk/images/members/ilatov_robert-s.jpg,rilatov@knesset.gov.il,None,02-6753689,25,None,None,None,None,,True,None,True,11.48,M,4,7,2009-02-24,115,"אנדיז`אן, ברית המועצות",None,1,31
795,mks.member,4,0,35.2007,7,ירושלים,None,31.7857,None,חיים אמסלם,,1959-10-12,http://www.knesset.gov.il/mk/images/members/amsalem_haim-s.jpg,,,,10,None,2013-02-04,,None,,False,None,True,-30.0,M,0,9,2009-02-24,0,"אורן, אלג`יר",1970,None,0
797,mks.member,8,0,34.7595,16,תל אביב,None,32.0554,17.1,אבישי ברוורמן,נשוי,1948-01-15,http://www.knesset.gov.il/mk/images/members/braverman_avishay-s.jpg,abraverman@knesset.gov.il,None,02-6408440,9,"יו""ר ועדת הכלכלה",None,None,None,,True,None,True,15.67,M,0,10,2009-02-24,53,ישראל,None,2,9
800,mks.member,3,0,34.9751,23,כפר קאסם,None,32.1151,13.2,אברהים צרצור,נשוי,1959-02-02,http://www.knesset.gov.il/mk/images/members/sarsur_ibrahim-s.jpg,isarsur@knesset.gov.il,,02-6408908,1,None,None,,None,,True,None,True,5.19,M,0,7,2009-02-24,32,"כפר קאסם, ישראל",None,1,2
802,mks.member,6,0,35.3334,5,נצרת עילית,27,32.71667,None,ליה שמטוב,,1958-05-25,http://www.knesset.gov.il/mk/images/members/shemtov_lia-s.jpg,,,,14,None,2013-02-04,,None,,False,None,True,0.0,F,0,5,2009-02-24,0,"צ`רנוביץ, אוקראינה",1980,None,0
804,mks.member,7,0,34.532304,6,כפר עזה,None,31.483429,None,שי חרמש,,1944-03-23,http://www.knesset.gov.il/mk/images/members/hermesh_shai-s.jpg,,None,,24,None,2013-02-04,None,None,,False,None,True,0.0,M,0,5,2009-02-24,0,ישראל,None,None,0
805,mks.member,6,6,35.149899,14,אפרת,None,31.653528,18.1,דוד רותם,נשוי,1949-01-11,http://www.knesset.gov.il/mk/images/members/David_Rotem-s.jpg,drotem@knesset.gov.il,None,02-6496506,22,"יו""ר ועדת החוקה, חוק ומשפט",None,None,None,,True,None,True,15.32,M,4,5,2009-02-24,66,ישראל,None,5,25
807,mks.member,3,0,35.381298,9,בית ג'אן,None,32.965683,None,סעיד נפאע,,1953-04-01,http://www.knesset.gov.il/mk/images/members/naffa_said-s.jpg,,None,,2,None,2013-02-04,None,None,,False,None,True,0.0,M,0,4,2009-02-24,0,ישראל,None,None,0
809,mks.member,8,0,34.8833333,6,הוד השרון,None,32.15,None,יוחנן פלסנר,,1972-01-17,http://www.knesset.gov.il/mk/images/members/Plesner_yohanan-s.jpg,,None,,23,None,2013-02-04,None,None,,False,None,True,0.0,M,0,8,2009-02-24,0,אנגליה,None,None,0
810,mks.member,7,0,34.8045361,6,ראשון לציון,None,31.9621389,None,שלמה (נגוסה) מולה,,1965-11-21,http://www.knesset.gov.il/mk/images/members/molla_shlomo-s.jpg,,,,19,None,2013-02-04,,None,,False,None,True,0.0,M,0,9,2009-02-24,0,אתיופיה,1984,None,0
812,mks.member,None,0,,13,,None,,None,שכיב שנאן,,1960-06-20,http://www.knesset.gov.il/mk/images/members/Shnaan_Shachiv-s.jpg,,,,16,None,2013-02-04,,None,,False,None,True,0.0,M,0,None,2012-02-14,0,ישראל,None,None,0
814,mks.member,4,8,35.2007,19,ירושלים,None,31.7857,23.6,אורי מקלב,נשוי,1957-01-10,http://www.knesset.gov.il/mk/images/members/uri_maklev-s.jpg,umaklev@knesset.gov.il,None,02-6496514,4,None,None,None,None,,True,None,True,22.71,M,8,9,2009-02-24,180,ישראל,None,5,47
817,mks.member,8,0,34.8666667,6,רעננה,None,32.1833333,None,זאב בילסקי,,1949-03-13,http://www.knesset.gov.il/mk/images/members/Bielski_Zeev-s.jpg,,None,,15,None,2013-02-04,None,None,,False,None,True,0.0,M,0,8,2009-02-24,0,ישראל,None,None,0
818,mks.member,8,4,35.1488889,16,מבשרת ציון,34,31.7994444,19.8,נחמן שי,נשוי,1946-11-28,http://www.knesset.gov.il/mk/images/members/nachman_shai-s.jpg,nshai@knesset.gov.il,,02-6496157,14,None,None,,None,,True,None,True,10.63,M,4,7,2009-02-24,226,ישראל,None,3,54
819,mks.member,4,0,34.6166667,6,אופקים,None,31.2833333,None,רוברט טיבייב,,1961-06-22,http://www.knesset.gov.il/mk/images/members/Tiviaev_Robert-s.jpg,,None,,20,None,2013-02-04,None,None,,False,None,True,0.0,M,0,4,2009-02-24,0,ברית המועצות,1994,None,0
820,mks.member,8,0,35.1488889,6,מבשרת ציון,None,31.7994444,None,רחל אדטו,,None,http://www.knesset.gov.il/mk/images/members/Adatto_Rachel-s.jpg,,None,,22,None,2013-02-04,None,None,,False,None,True,0.0,F,0,7,2009-02-24,0,"חיפה, ישראל",None,None,0
821,mks.member,6,0,34.8863333,6,פתח תקווה,None,32.0888278,None,אריה ביבי,,1943-04-28,http://www.knesset.gov.il/mk/images/members/Bibi_Arie-s.jpg,,None,,26,None,2013-02-04,None,None,,False,None,True,0.0,M,0,9,2009-02-24,0,עיראק,1950,None,0
822,mks.member,7,0,34.9166667,6,קדימה צורן,None,32.2833333,None,אורית זוארץ,,1967-02-21,http://www.knesset.gov.il/mk/images/members/Zuaretz_Orit-s.jpg,,None,,28,None,2013-02-04,None,None,,False,None,True,0.0,F,0,7,2009-02-24,0,ברית המועצות,1971,None,0
823,mks.member,8,0,35.025144,14,מכבים רעות,None,31.888854,4.5,משה יעלון,נשוי,1950-06-24,http://www.knesset.gov.il/mk/images/members/yaalon_moshe-s.jpg,myaalon@knesset.gov.il,None,,12,שר הביטחון,None,None,None,,True,None,True,0.8,M,0,7,2009-02-24,0,ישראל,None,3,0
824,mks.member,8,0,34.7595,2,תל אביב,None,32.0554,None,יוסי פלד,,1941-01-18,http://www.knesset.gov.il/mk/images/members/Peled_Yossi-s.jpg,,None,,999,None,2013-02-04,None,None,,False,None,True,0.0,M,0,10,2009-02-24,0,בלגיה,None,None,0
825,mks.member,6,2,34.811274,14,רחובות,None,31.892772,6.9,ציפי חוטובלי,רווקה,1978-12-02,http://www.knesset.gov.il/mk/images/members/Hotovely_Tzipi-s.jpg,zhotovely@knesset.gov.il,None,02-6408329,15,סגנית שר התחבורה והבטיחות בדרכים,None,None,None,,True,None,True,2.85,F,2,8,2009-02-24,17,ישראל,None,None,15
826,mks.member,8,13,34.895582,14,מודיעין,None,32.109878,18.5,יריב לוין,נשוי,1969-06-22,http://www.knesset.gov.il/mk/images/members/levin_yariv-s.jpg,ylevin@knesset.gov.il,None,02-6408394,17,"יו""ר ועדת הכנסת",None,None,None,,True,None,True,13.08,M,11,7,2009-02-24,227,ישראל,None,3,71
827,mks.member,5,0,35.5247222,2,טבריה,None,32.7897222,None,ציון פיניאן,,1951-01-01,http://www.knesset.gov.il/mk/images/members/Pinyan_Zion-s.jpg,,,,22,None,2013-02-04,,None,,False,None,True,0.0,M,0,4,2009-02-24,0,מרוקו,1956,None,0
828,mks.member,8,0,34.922061,14,מושב משמרת,None,32.227578,7.0,דני דנון,נשוי,1971-05-08,http://www.knesset.gov.il/mk/images/members/danon_danny-s.jpg,ddanon@knesset.gov.il,,02-6496044,9,None,None,,None,,True,None,True,2.05,M,0,7,2009-02-24,1,ישראל,None,3,0
829,mks.member,8,0,34.8246,14,רמת גן,None,32.070065,None,כרמל שאמה,,1973-08-16,http://www.knesset.gov.il/mk/images/members/Shama_Carmel-s.jpg,,,,25,None,2013-02-04,,None,,False,None,True,-570.0,M,0,10,2009-02-24,0,ישראל,None,None,0
830,mks.member,8,0,34.7595,14,תל אביב,None,32.0554,10.3,אופיר אקוניס,נשוי,1973-05-28,http://www.knesset.gov.il/mk/images/members/akunis_ofir-s.jpg,oakunis@knesset.gov.il,None,02-6753717,29,סגן שר במשרד ראש הממשלה המקשר בין הממשלה לכנסת,None,None,None,,True,None,True,5.59,M,0,10,2009-02-24,3,ישראל,None,2,2
831,mks.member,6,4,34.953175,14,ראש העין,None,32.099299,16.7,מירי רגב,נשואה,1965-05-26,http://www.knesset.gov.il/mk/images/members/regev_miri-s.jpg,mregev@knesset.gov.il,,,21,"יו""ר ועדת הפנים והגנת הסביבה",None,,None,,True,None,True,14.13,F,3,8,2009-02-24,288,ישראל,None,3,82
832,mks.member,5,7,35.474653,14,קיבוץ מסילות,None,32.497361,11.1,אורלי לוי-אבקסיס,נשואה,1973-11-11,http://www.knesset.gov.il/mk/images/members/Levy_Orli-s.jpg,olevy@knesset.gov.il,,02-6753570,16,"יו""ר ועדה לזכויות הילד",None,,None,,True,None,True,9.38,F,4,4,2009-02-24,185,ישראל,None,3,60
833,mks.member,8,0,34.8833333,5,הוד השרון,None,32.15,None,דניאל אילון,,1955-12-17,http://www.knesset.gov.il/mk/images/members/Ayalon_Daniel-s.jpg,,,,7,None,2013-02-04,,None,,False,None,True,0.0,M,0,8,2009-02-24,0,ישראל,None,None,0
834,mks.member,7,0,34.8045361,5,ראשון לציון,None,31.9621389,None,אנסטסיה מיכאלי,,1975-07-12,http://www.knesset.gov.il/mk/images/members/Michaeli_Anastassia-s.jpg,,None,,9,None,2013-02-04,None,None,,False,None,True,0.0,F,0,9,2009-02-24,0,"סנט פטרבורג, רוסיה",None,None,0
835,mks.member,3,1,,14,,None,,9.4,פאינה (פניה) קירשנבאום,נשואה,1955-11-27,http://www.knesset.gov.il/mk/images/members/Kirshenbaum_Faina-s.jpg,fkirshenbaum@knesset.gov.il,,,19,סגנית שר הפנים,None,,None,,True,None,True,2.65,F,1,6,2009-02-24,29,ברית המועצות,None,3,24
836,mks.member,8,0,34.7595,3,תל אביב,None,32.0554,None,דניאל בן-סימון,,1954-04-29,http://www.knesset.gov.il/mk/images/members/Ben_Simon_Daniel-s.jpg,,,,11,None,2013-02-04,,None,,False,None,True,0.0,M,0,10,2009-02-24,0,מרוקו,1969,None,0
837,mks.member,3,2,35.169038,14,שפרעם,None,32.802713,17.0,חמד עמאר,נשוי,1964-11-05,http://www.knesset.gov.il/mk/images/members/Amar_Hamad-s.jpg,amarh@knesset.gov.il,None,02-6496054,28,None,None,None,None,,True,None,True,13.78,M,2,5,2009-02-24,48,ישראל,None,3,13
838,mks.member,8,0,35.3333333,5,הרצליה,None,32.7166667,None,משה מוץ מטלון,,1953-05-12,http://www.knesset.gov.il/mk/images/members/matalon_moshe_mutz-s.jpg,,,,13,None,2013-02-04,,None,,False,None,True,0.0,M,0,8,2009-02-24,0,ישראל,None,None,0
839,mks.member,4,0,35.2007,19,ירושלים,None,31.7857,15.4,מנחם אליעזר מוזס,נשוי,1946-10-20,http://www.knesset.gov.il/mk/images/members/moses_menachem-s.jpg,mmozes@knesset.gov.il,None,,5,None,None,None,None,,True,None,True,6.19,M,0,9,2009-02-24,19,ישראל,None,10,3
840,mks.member,4,0,35.222726,1,בית אל,None,31.941602,None,יעקב (כצל`ה) כ”ץ,,1951-09-29,http://www.knesset.gov.il/mk/images/members/Yaakov_Katzeleh_Katz-s.jpg,,,,1,None,2013-02-04,,None,,False,None,True,0.0,M,0,5,2009-02-24,0,ישראל,None,None,0
841,mks.member,6,0,35.097456,1,קרני שומרון,None,32.171544,None,מיכאל בן-ארי,,1963-10-12,http://www.knesset.gov.il/mk/images/members/Ben_Ari_Michael-s.jpg,,,,4,None,2013-02-04,,None,,False,None,True,0.0,M,0,5,2009-02-24,0,ישראל,None,None,0
842,mks.member,2,6,35.1536111,22,אום אל פאחם,None,32.5194444,10.0,עפו אגבאריה,נשוי,1949-05-13,http://www.knesset.gov.il/mk/images/members/Agbaria_Afou-s.jpg,aagbariya@knesset.gov.il,None,,4,None,None,None,None,,True,None,True,8.84,M,6,6,2009-02-24,490,ישראל,None,3,276
843,mks.member,8,5,34.7595,20,תל אביב,35,32.0554,11.8,ניצן הורוביץ,בזוגיות,1965-02-24,http://www.knesset.gov.il/mk/images/members/Horowitz_Nitzan-s.jpg,nhorowitz@knesset.gov.il,None,02-6496085,3,None,None,None,None,,True,None,True,7.54,M,4,10,2009-02-24,374,ישראל,None,None,156
844,mks.member,2,1,35.3,23,סכנין,None,32.8666667,13.9,מסעוד גנאים,נשוי,1965-02-14,http://www.knesset.gov.il/mk/images/members/Ganaim_Masud-s.jpg,mganaeim@knesset.gov.il,None,02-6496189,3,None,None,None,None,,True,None,True,10.68,M,1,4,2009-02-24,29,ישראל,None,3,6
845,mks.member,8,2,34.895582,17,מודיעין,None,32.109878,8.4,אורי אורבך,נשוי,1960-03-28,http://www.knesset.gov.il/mk/images/members/Orbach_Uri-s.jpg,uorbach@knesset.gov.il,None,02-6408167,6,שר לאזרחים ותיקים,None,None,None,,True,None,True,3.59,M,2,7,2009-02-24,20,ישראל,None,4,13
846,mks.member,4,1,35.3069,24,נצרת,None,32.6975,11.8,חנין זועבי,רווקה,1969-05-23,http://www.knesset.gov.il/mk/images/members/Zuabi_Hanin-s.jpg,hzoaby@knesset.gov.il,None,02-6496595,2,None,None,None,None,,True,None,True,7.04,F,1,6,2009-02-24,70,ישראל,None,None,14
847,mks.member,7,0,35.0282,12,חיפה,None,32.7938,None,דניאל הרשקוביץ,,1953-01-02,http://www.knesset.gov.il/mk/images/members/Hershkowitz_Daniel-s.jpg,,None,,1,None,2013-02-04,None,None,,False,None,True,0.0,M,0,6,2009-02-24,0,ישראל,None,None,0
848,mks.member,8,0,34.8125,6,הרצליה,None,32.1682,None,יוליה שמאלוב ברקוביץ`,,1964-04-01,http://www.knesset.gov.il/mk/images/members/Shamalov_Berkovich_Yulia-s.jpg,,,,29,None,2013-02-04,,None,,False,None,True,0.0,F,0,8,2009-07-02,0,,None,None,0
849,mks.member,8,0,34.7595,13,תל אביב,38,32.0554,None,עינת וילף,,1970-12-11,http://www.knesset.gov.il/mk/images/members/Einat_Wilf-s.jpg,,,,14,None,2013-02-04,,None,,False,None,True,-30.0,F,0,10,2010-01-10,0,"ירושלים, ישראל",None,None,0
850,mks.member,None,0,,6,צור יגאל - כוכב יאיר,None,,None,נינו אבסדזה,,1965-04-12,http://www.knesset.gov.il/mk/images/members/Nino_Abesadze-s.jpg,,,,30,None,2013-02-04,השרון,None,,False,None,True,0.0,F,0,None,2010-11-09,0,ברית המועצות,1996,None,0
851,mks.member,8,0,,6,תל אביב,None,,None,דורון אביטל,,1959-01-22,http://www.knesset.gov.il/mk/images/members/avital_doron-s.jpg,,,,32,None,2013-02-04,,None,,False,None,True,0.0,M,0,10,2011-03-18,0,ישראל,None,None,0
852,mks.member,None,0,,6,,None,,None,אברהם (אבי) דואן,,None,http://www.knesset.gov.il/mk/images/members/Avraham_Duan-s.jpg,,,,33,None,2013-02-04,,None,,False,None,True,0.0,M,0,None,2012-01-25,0,,None,None,0
853,mks.member,None,0,,6,תל אביב,None,,None,יובל צלנר,,None,http://www.knesset.gov.il/mk/images/members/ZellnerYuval.jpg,,,,34,None,2013-02-04,,None,,False,None,True,0.0,M,0,None,2012-05-03,0,ישראל,None,None,0
854,mks.member,None,0,,6,,None,,None,אכרם חסון,,1956-01-01,http://www.knesset.gov.il/mk/images/members/Akram_Hasoon-s.jpg,,,,35,None,2013-02-04,,None,,False,None,True,0.0,M,0,None,2012-05-17,0,,None,None,0
857,mks.member,None,0,,23,,None,,12.1,טלב אבו עראר,,1967-05-04,http://www.knesset.gov.il/mk/images/members/AbuArar_Talab-s.jpg,tabuarar@KNESSET.GOV.IL,,,4,None,None,,None,,True,None,True,6.04,M,0,None,2013-02-05,9,ישראל,None,None,0
859,mks.member,None,5,,14,,None,,21.1,שמעון אוחיון,,None,http://www.knesset.gov.il/mk/images/members/Ohayon_Shimon-s.jpg,sochaion@knesset.gov.il,,,31,None,None,,None,,True,None,True,16.87,M,2,None,2013-02-05,111,,None,None,33
860,mks.member,9,7,,15,קרית אונו,None,,17.5,קארין אלהרר,נשואה,1977-10-09,http://www.knesset.gov.il/mk/images/members/Alharar_Karin-s.jpg,kelharrar@knesset.gov.il,http://yeshatid.org.il/team/karin,,10,"יו""ר ועדה מיוחדת לדיון בהצעת חוק השידור הציבורי",None,גוש דן,None,02-6408878,True,None,True,10.98,F,7,None,2013-02-05,115,יפו,None,None,30
861,mks.member,None,6,,19,,None,,16.2,יעקב אשר,נשוי,1965-07-02,http://www.knesset.gov.il/mk/images/members/Asher_Yakov-s.jpg,yasher@knesset.gov.il,,,7,None,None,,None,,True,None,True,13.88,M,6,None,2013-02-05,155,רמת גן,None,7,34
862,mks.member,None,0,,16,,None,,17.0,מיכל בירן,,None,http://www.knesset.gov.il/mk/images/members/Biran_Michal-s.jpg,mbiran@knesset.gov.il,,,13,None,None,,None,,True,None,True,11.63,F,0,None,2013-02-05,64,,None,None,11
863,mks.member,None,0,,17,,None,,10.5,אלי בן-דהן,נשוי,1954-02-11,http://www.knesset.gov.il/mk/images/members/BenDahan_Eliahu-s.jpg,ebendehan@knesset.gov.il,,,4,סגן שר לשירותי דת,None,,None,,True,None,True,3.24,M,0,None,2013-02-05,6,"קזבלנקה, מרוקו",1956,None,3
864,mks.member,None,0,,17,,None,,8.8,נפתלי בנט,נשוי,1972-03-25,http://www.knesset.gov.il/mk/images/members/Bennett_Naftali-s.jpg,nbenet@knesset.gov.il,,,1,שר לשירותי דת| שר לירושלים והתפוצות| שר הכלכלה,None,,None,,True,None,True,4.39,M,0,None,2013-02-05,0,חיפה,None,4,0
865,mks.member,None,3,,16,,None,,16.3,חיליק בר,נשוי,1975-09-04,http://www.knesset.gov.il/mk/images/members/Bar_Yechiel-s.jpg,ybar@knesset.gov.il,,,6,None,None,,None,,True,None,True,7.14,M,2,None,2013-02-05,86,צפת,None,1,9
866,mks.member,None,2,,16,,None,,15.5,עמר בר-לב,,None,http://www.knesset.gov.il/mk/images/members/BarLev_Omer-s.jpg,obarlev@knesset.gov.il,,,7,None,None,,None,,True,None,True,6.44,M,2,None,2013-02-05,110,,None,None,22
867,mks.member,None,1,,24,,None,,15.4,באסל גטאס,נשוי,1956-03-23,http://www.knesset.gov.il/mk/images/members/Jitas_Basil-s.jpg,gbasel@knesset.gov.il,,,3,None,None,,None,,True,None,True,13.43,M,1,None,2013-02-05,86,נצרת,None,1,16
868,mks.member,7,1,,15,הרצליה,None,,12.5,יעל גרמן,,1955-05-08,http://www.knesset.gov.il/mk/images/members/German_Yael-s.jpg,ygerman@knesset.gov.il,,,3,שרת הבריאות,None,,None,02-6408341,True,None,True,4.99,F,1,None,2013-02-05,4,"חיפה, ישראל",None,2,3
869,mks.member,8,2,,15,הרצליה,None,,18.8,רונן הופמן,גרוש,1963-07-19,http://www.knesset.gov.il/mk/images/members/Hoffman_Ronen-s.jpg,rhoffman@knesset.gov.il,,,19,None,None,,None,02-6408106,True,None,True,9.38,M,2,None,2013-02-05,56,עפולה,None,2,14
870,mks.member,None,0,,17,,None,,10.7,אבי וורצמן,נשוי,1970-10-29,http://www.knesset.gov.il/mk/images/members/Wortzman_Avi-s.jpg,avertzman@knesset.gov.il,,,8,סגן שר החינוך,None,,None,,True,None,True,3.09,M,0,None,2013-02-05,0,באר שבע,None,4,0
871,mks.member,None,4,,20,,None,,14.0,תמר זנדברג,גרושה,1976-04-29,http://www.knesset.gov.il/mk/images/members/Zandberg_Tamar-s.jpg,tzandberg@knesset.gov.il,,,6,None,None,,None,,True,None,True,12.03,F,4,None,2013-02-05,360,רמת גן,None,None,154
872,mks.member,8,1,,15,תל אביב,None,,17.6,בועז טופורובסקי,נשוי,1980-07-17,http://www.knesset.gov.il/mk/images/members/Toporovsky_Boaz-s.jpg,btoporovsky@KNESSET.GOV.IL,,,18,None,None,תל אביב,None,02-6408027,True,None,True,16.27,M,0,None,2013-02-05,47,ראשון לציון,None,None,10
873,mks.member,None,2,,17,,None,,22.1,מרדכי יוגב,נשוי,1956-02-22,http://www.knesset.gov.il/mk/images/members/Yogev_Mordechai-s.jpg,myogev@knesset.gov.il,,,9,None,None,,None,,True,None,True,7.09,M,1,None,2013-02-05,79,חיפה,None,9,23
874,mks.member,4,1,,15,דימונה,None,,10.6,מאיר כהן,נשוי,1955-11-15,http://www.knesset.gov.il/mk/images/members/cohen_meir1-s.jpg,cohenmeir@knesset.gov.il,,,4,שר הרווחה והשרותים החברתיים,None,נגב,None,02-6408008,True,None,True,5.44,M,1,None,2013-02-05,7,"מוגדור, מרוקו",1962,3,6
875,mks.member,6,8,,15,נתניה,None,,17.8,עליזה לביא,נשואה,1964-09-23,http://www.knesset.gov.il/mk/images/members/Lavie_Aliza-s.jpg,alavie@knesset.gov.il,http://www.alizalavie.com/,,7,"יו""ר ועדה לקידום מעמד האישה ולשוויון מגדרי",None,השרון,None,02-6408065,True,None,True,12.33,F,8,None,2013-02-05,126,כפר סבא,None,4,41
876,mks.member,None,0,,15,,None,,11.3,מיקי לוי,נשוי,1951-05-21,http://www.knesset.gov.il/mk/images/members/Levy_Mickey-s.jpg,mickeylevy@knesset.gov.il,,,11,סגן שר האוצר,None,,None,02-640805,True,None,True,6.94,M,0,None,2013-02-05,2,ירושלים,None,4,1
877,mks.member,3,4,,15,בית שמש,None,,20.1,דב ליפמן,נשוי,1971-09-09,http://www.knesset.gov.il/mk/images/members/Lipman_Dov-s.jpg,dlifman@knesset.gov.il,,,17,None,None,,None,02-6408809,True,None,True,12.88,M,4,None,2013-02-05,144,"וושינגטון, ארצות הברית",None,4,40
878,mks.member,8,0,,15,תל אביב,None,,7.1,יאיר לפיד,נשוי,1963-11-05,http://www.knesset.gov.il/mk/images/members/Lapid_Yair-s.jpg,ylapid@knesset.gov.il,,,1,שר האוצר,None,,None,02-6408385,True,None,True,2.5,M,0,None,2013-02-05,3,תל אביב,None,3,3
879,mks.member,None,3,,17,,None,,18.5,שולי מועלם-רפאלי,נשואה,1965-02-08,http://www.knesset.gov.il/mk/images/members/Moalem_Shuli-s.jpg,smooalem@knesset.gov.il,,,12,None,None,,None,,True,None,True,14.48,F,1,None,2013-02-05,158,חיפה,None,7,47
880,mks.member,None,3,,16,,None,,18.3,משה מזרחי,נשוי,1950-09-20,http://www.knesset.gov.il/mk/images/members/Mizrahi_Moshe-s.jpg,mmizrachy@knesset.gov.il,,,15,None,None,,None,,True,None,True,7.19,M,2,None,2013-02-05,159,טבריה,None,5,40
881,mks.member,None,8,,16,,None,,16.3,מרב מיכאלי,רווקה,1966-11-24,http://www.knesset.gov.il/mk/images/members/Michaeli_Meirav-s.jpg,michaelim@knesset.gov.il,,,4,None,None,,None,,True,None,True,10.88,F,7,None,2013-02-05,185,פתח תקווה,None,None,41
882,mks.member,None,0,,16,,None,,14.3,אראל מרגלית,,None,http://www.knesset.gov.il/mk/images/members/Margalit_Erel-s.jpg,amargalit@knesset.gov.il,,,10,None,None,,None,,True,None,True,11.08,M,0,None,2013-02-05,53,,None,None,13
883,mks.member,5,2,,15,אשדוד,None,,18.2,שמעון סולומון,גרוש,1968-08-05,http://www.knesset.gov.il/mk/images/members/Solomon_Shimon-s.jpg,ssolomon@knesset.gov.il,,,12,None,None,,None,02-6408052,True,None,True,8.89,M,1,None,2013-02-05,59,אתיופיה,1980,3,14
884,mks.member,None,4,,17,,None,,21.5,אורית סטרוק,,None,http://www.knesset.gov.il/mk/images/members/Strock_Orit-s.jpg,ostruk@knesset.gov.il,,,10,None,None,,None,,True,None,True,11.08,F,2,None,2013-02-05,104,,None,None,28
885,mks.member,None,1,,14,,None,,16.4,משה זלמן פייגלין,נשוי,1962-07-31,http://www.knesset.gov.il/mk/images/members/Feiglin_Moshe-s.jpg,mfeiglin@knesset.gov.il,,,23,None,None,,None,,True,None,True,11.88,M,0,None,2013-02-05,61,חיפה,None,5,8
886,mks.member,7,0,,15,אורנית,None,,9.3,שי פירון,נשוי,1965-01-25,http://www.knesset.gov.il/mk/images/members/Piron_Shai-s.jpg,spiron@knesset.gov.il,,,2,שר החינוך,None,,None,02-6408433,True,None,True,4.14,M,0,None,2013-02-05,4,כפר ויתקין,None,6,4
887,mks.member,8,0,,15,תל אביב,None,,10.3,יעקב פרי,נשוי,1944-02-20,http://www.knesset.gov.il/mk/images/members/Peri_Yaakov-s.jpg,ypery@knesset.gov.il,,,5,"שר המדע,  הטכנולוגיה והחלל",None,תל אביב,None,02-6408422,True,None,True,3.79,M,0,None,2013-02-05,3,תל אביב,None,None,2
888,mks.member,None,1,,20,,None,,15.3,עיסאווי פריג`,נשוי,1963-12-14,http://www.knesset.gov.il/mk/images/members/Farij_Issawi-s.jpg,ifarig@knesset.gov.il,,,5,None,None,,None,,True,None,True,0.95,M,1,None,2013-02-05,182,כפר קאסם,None,7,74
889,mks.member,6,4,,15,נהריה,None,,17.6,רינה פרנקל,אלמנה,1956-09-17,http://www.knesset.gov.il/mk/images/members/Frankel_Rena-s.jpg,rfrenkel@knesset.gov.il,,,15,None,None,גליל מערבי,None,02-6408388,True,None,True,10.33,F,4,None,2013-02-05,88,"סמולנסק, ברית-המועצות",1990,1,23
890,mks.member,None,8,,21,,None,,17.1,דוד צור,אלמן,1959-07-12,http://www.knesset.gov.il/mk/images/members/Tzur_David-s.jpg,dtzur@knesset.gov.il,,,6,None,None,,None,,True,None,True,15.52,M,7,None,2013-02-05,161,"איסטנבול, טורקיה",None,3,57
891,mks.member,8,6,,15,תל אביב,None,,17.2,עדי קול,נשואה,1976-03-19,http://www.knesset.gov.il/mk/images/members/Kohl_Adi-s.jpg,akol@knesset.gov.il,,,9,"יו""ר ועדה מיוחדת לפניות הציבור",None,תל אביב,None,02-6408041,True,None,True,15.27,F,6,None,2013-02-05,120,ירושלים,None,None,39
892,mks.member,8,2,,15,תל אביב,None,,16.6,רות קלדרון,גרושה,1961-09-25,http://www.knesset.gov.il/mk/images/members/Calderon_Ruth-s.jpg,rkalderon@knesset.gov.il,,,13,None,None,תל אביב,None,02-6408798,True,None,True,8.54,F,1,None,2013-02-05,63,תל אביב,None,3,17
893,mks.member,None,1,,17,,None,,21.7,זבולון כלפה,נשוי,1962-09-26,http://s24.postimg.org/l7xicp3td/image.jpg,zkalfa@knesset.gov.il,,,999,None,None,,None,,True,None,True,11.28,M,1,None,2013-02-05,93,באר-שבע,None,6,15
894,mks.member,8,4,,15,הוד השרון,None,,18.1,יפעת קריב,נשואה,1973-11-23,http://www.knesset.gov.il/mk/images/members/Kariv_Yifat-s.jpg,ykariv@knesset.gov.il,,,16,None,None,השרון,None,02-6408309,True,None,True,12.08,F,4,None,2013-02-05,137,באר שבע,None,4,33
895,mks.member,None,8,,20,,None,,16.6,מיכל רוזין,,None,http://www.knesset.gov.il/mk/images/members/Rozin_Michal-s.jpg,mruzin@knesset.gov.il,,,4,"יו""ר ועדה מיוחדת לבעיית העובדים הזרים",None,,None,,True,None,True,13.78,F,8,None,2013-02-05,392,,None,None,159
896,mks.member,None,2,,16,,None,,17.5,מיקי רוזנטל,נשוי,1955-02-04,http://www.knesset.gov.il/mk/images/members/Rosenthal_Mickey-s.jpg,mrosenthal@knesset.gov.il,,,12,None,None,,None,,True,None,True,15.02,M,2,None,2013-02-05,181,תל-אביב,None,3,44
897,mks.member,6,0,,15,נתניה,None,,11.9,יואל רזבוזוב,נשוי,1980-07-05,http://www.knesset.gov.il/mk/images/members/Rozbozov_Yoel-s.jpg,yrazbuzov@knesset.gov.il,,,8,"יו""ר ועדת העלייה, הקליטה והתפוצות",None,השרון,None,02-6408853,True,None,True,6.54,M,0,None,2013-02-05,38,"בירוביג`אן, רוסיה",1991,2,11
898,mks.member,None,2,,17,,None,,19.1,יוני שטבון,נשוי,1979-03-13,http://www.knesset.gov.il/mk/images/members/Chetboun_Yoni-s.jpg,ysetbon@knesset.gov.il,,,11,None,None,,None,,True,None,True,8.24,M,1,None,2013-02-05,71,נהריה,None,6,15
899,mks.member,None,6,,21,,None,,20.6,אלעזר שטרן,נשוי,1956-08-25,http://www.knesset.gov.il/mk/images/members/Stern_Eliezer-s.jpg,sterne@knesset.gov.il,,,4,None,None,,None,,True,None,True,17.07,M,5,None,2013-02-05,200,ישראל,None,5,59
900,mks.member,8,2,,15,"מושב גינתון, מ.א. חבל מודיעין",None,,18.4,עפר שלח,אלמן,1960-02-09,http://www.knesset.gov.il/mk/images/members/Shelach_Ofer-s.jpg,oshelach@knesset.gov.il,,,6,None,None,,None,,True,None,True,8.64,M,2,None,2013-02-05,74,קרית ביאליק,None,2,17
901,mks.member,None,7,,16,,None,,20.4,איציק שמולי,רווק,1980-02-08,http://www.knesset.gov.il/mk/images/members/Shmuli_Itzik-s.jpg,ishmuli@knesset.gov.il,,,11,None,None,,None,,True,None,True,11.13,M,6,None,2013-02-05,172,תל-אביב,None,None,44
902,mks.member,None,0,,14,,None,,9.9,יאיר שמיר,נשוי,1945-08-18,http://www.knesset.gov.il/mk/images/members/Shamir_Yair-s.jpg,yshamir@knesset.gov.il,,,4,שר החקלאות ופיתוח הכפר,None,,None,,True,None,True,3.24,M,0,None,2013-02-05,0,רמת-גן,None,3,0
903,mks.member,None,3,,16,,None,,16.2,סתיו שפיר,,None,http://www.knesset.gov.il/mk/images/members/Shafir_Stav-s.jpg,sshaffir@knesset.gov.il,,,8,None,None,,None,,True,None,True,10.28,F,3,None,2013-02-05,102,,None,None,23
904,mks.member,None,5,,17,,None,,18.6,איילת שקד,נשואה,1976-05-07,http://www.knesset.gov.il/mk/images/members/Shaked_Ayelet-s.jpg,ashaked@knesset.gov.il,,,5,"יו""ר ועדה מיוחדת לדיון בהצעת החוק בעניין השוויון בנטל בשירות הצבאי, בשירות האזרחי ובשוק העבודה ולהסדרת מעמדם של תלמידי הישיבות",None,,None,,True,None,True,11.13,F,3,None,2013-02-05,131,תל-אביב,None,2,34
905,mks.member,6,4,,15,פתח תקווה,None,,17.0,פנינה תמנו-שטה,נשואה,1981-01-01,http://www.knesset.gov.il/mk/images/members/Tamnu-Shata_Penina-s.jpg,ptamano@knesset.gov.il,http://yeshatid.org.il/team/pnina,,14,None,None,,None,02-6408227,True,None,True,10.63,F,2,None,2013-02-05,141,"ווזאבה, אתיופיה",1984,2,31
906,mks.member,None,0,,18,"שכונת הר נוף, ירושלים",None,,13.2,יואב בן צור,נשוי,1958-01-01,http://www.knesset.gov.il/mk/images/members/Yoav_Ben_Tzur.jpg,,,,12,None,None,,None,,True,None,True,8.79,M,0,None,2014-06-22,0,כפר-סבא,None,7,0
813,mks.member,None,0,,14,"",None,,0,לאון ליטינצקי,נשוי,1970-01-01,None,,,,None,None,None,,None,0,0,None,True,0,M,0,None,0,2014-11-30,None,None,0,0
